/*
MySQL Data Transfer
Source Host: localhost
Source Database: shop
Target Host: localhost
Target Database: shop
Date: 2019/10/29/ÖÜ¶ş 20:13:56
*/

SET FOREIGN_KEY_CHECKS=0;
-- ----------------------------
-- Table structure for admins
-- ----------------------------
CREATE TABLE `admins` (
  `id` int(11) NOT NULL auto_increment,
  `username` varchar(255) default NULL,
  `password` varchar(255) default NULL,
  PRIMARY KEY  (`id`)
) ENGINE=InnoDB AUTO_INCREMENT=3 DEFAULT CHARSET=utf8 ROW_FORMAT=DYNAMIC;

-- ----------------------------
-- Table structure for goods
-- ----------------------------
CREATE TABLE `goods` (
  `id` int(11) NOT NULL auto_increment,
  `name` varchar(255) default NULL COMMENT 'åç§°',
  `cover` varchar(255) default NULL COMMENT 'å°é¢',
  `image1` varchar(255) default NULL COMMENT 'ç»†èŠ‚å›¾ç‰‡1',
  `image2` varchar(255) default NULL COMMENT 'ç»†èŠ‚å›¾ç‰‡2',
  `price` int(11) default NULL COMMENT 'ä»·æ ¼',
  `intro` varchar(255) default NULL COMMENT 'ä»‹ç»',
  `stock` int(11) default '0' COMMENT 'åº“å­˜',
  `type_id` int(11) default NULL COMMENT 'åˆ†ç±»',
  PRIMARY KEY  (`id`)
) ENGINE=InnoDB AUTO_INCREMENT=15 DEFAULT CHARSET=utf8 ROW_FORMAT=DYNAMIC;

-- ----------------------------
-- Table structure for items
-- ----------------------------
CREATE TABLE `items` (
  `id` int(11) NOT NULL auto_increment,
  `price` int(11) default NULL COMMENT 'è´­ä¹°æ—¶ä»·æ ¼',
  `amount` int(11) default NULL COMMENT 'è´­ä¹°æ•°é‡',
  `order_id` int(11) default NULL COMMENT 'è®¢å•id',
  `good_id` int(11) default NULL COMMENT 'ç‰©å“id',
  PRIMARY KEY  (`id`)
) ENGINE=InnoDB AUTO_INCREMENT=6 DEFAULT CHARSET=utf8 ROW_FORMAT=DYNAMIC;

-- ----------------------------
-- Table structure for tops
-- ----------------------------
CREATE TABLE `tops` (
  `id` int(11) NOT NULL auto_increment,
  `type` tinyint(4) default NULL COMMENT 'æ¨èç±»å‹(1æ¡å¹…/2å¤§å›¾/3å°å›¾)',
  `good_id` int(11) default NULL COMMENT 'ç‰©å“id',
  PRIMARY KEY  (`id`)
) ENGINE=InnoDB AUTO_INCREMENT=46 DEFAULT CHARSET=utf8 ROW_FORMAT=DYNAMIC COMMENT='é¦–é¡µæ¨èå•†å“';

-- ----------------------------
-- Table structure for types
-- ----------------------------
CREATE TABLE `types` (
  `id` int(11) NOT NULL auto_increment,
  `name` varchar(50) default NULL,
  PRIMARY KEY  (`id`)
) ENGINE=InnoDB AUTO_INCREMENT=6 DEFAULT CHARSET=utf8 ROW_FORMAT=DYNAMIC;

-- ----------------------------
-- Table structure for users
-- ----------------------------
CREATE TABLE `users` (
  `id` int(11) NOT NULL auto_increment,
  `username` varchar(255) default NULL COMMENT 'ç”¨æˆ·å',
  `password` varchar(255) default NULL COMMENT 'å¯†ç ',
  `name` varchar(255) default NULL COMMENT 'æ”¶è´§äºº',
  `phone` varchar(255) default NULL COMMENT 'æ”¶è´§ç”µè¯',
  `address` varchar(255) default NULL COMMENT 'æ”¶è´§åœ°å€',
  PRIMARY KEY  (`id`)
) ENGINE=InnoDB AUTO_INCREMENT=5 DEFAULT CHARSET=utf8 ROW_FORMAT=DYNAMIC;

-- ----------------------------
-- Records 
-- ----------------------------
INSERT INTO `admins` VALUES ('2', 'admin', 'tuShOfiBrA8+br7ENrMS8A==');
INSERT INTO `goods` VALUES ('1', 'è‡ªåŠ¨é›¨ä¼', '/picture/1-1.jpg', '/picture/1-1.jpg', '/picture/1-1.jpg', '56', 'ä¸é€å…‰ä¼é¢ï¼Œæœ‰æ•ˆé˜»éš”å…‰çº¿ï¼Œæœ‰æ•ˆé˜»éš”ç´«å¤–çº¿', '5', '5');
INSERT INTO `goods` VALUES ('2', 'å‚¨ç‰©ç®±', '/picture/2-1.jpg', '/picture/2-1.jpg', '/picture/2-1.jpg', '8', 'é€æ˜å¯†å°æ‰‹ææ”¶çº³ç®±ï¼Œå¯å­˜æ”¾é›¶é£Ÿï¼Œæ–‡å…·', '2', '5');
INSERT INTO `goods` VALUES ('3', 'ä½©å¥‡ç©å¶', '/picture/3-1.jpg', '/picture/3-1.jpg', '/picture/3-1.jpg', '30', 'æŸ”è½¯çš„é¢æ–™ï¼Œç¯ä¿PPæ£‰å¡«å……ï¼Œæ— å¼‚å‘³', '1', '5');
INSERT INTO `goods` VALUES ('4', 'å¡‘æ–™æ°´æ¯', '/picture/4-1.jpg', '/picture/4-1.jpg', '/picture/4-1.jpg', '11', 'å¤§å®¹é‡è§£å†³æ‚¨çš„æ—¥å¸¸ç”Ÿæ´»ï¼Œè¿˜æœ‰ç®€çº¦çš„åˆ»åº¦æ˜¾ç¤ºï¼Œèƒ½å¤Ÿæ¸…æ¥šçŸ¥é“æ°´çš„å®¹é‡', '0', '5');
INSERT INTO `goods` VALUES ('5', 'å…¨æ£‰åºŠå•', '/picture/5-1.jpg', '/picture/5-1.jpg', '/picture/5-1.jpg', '80', 'æœ¬äº§å“æ˜¯çº¯æ£‰ä¸‰ä»¶å¥—ï¼ŒåŒ…æ‹¬ä¸€ä¸ªè¢«å¥—ä¸€ä¸ªåºŠå•ä¸€ä¸ªæ•å¥—ï¼Œé€‚åˆå­¦ç”Ÿå®¿èˆåºŠ', '0', '5');
INSERT INTO `goods` VALUES ('6', 'ä¿æ¸©ç›’', '/picture/6-1.jpg', '/picture/6-1.jpg', '/picture/6-1.jpg', '40', 'å¯¹é£Ÿå“è¿›è¡Œä¿æ¸©ï¼Œè®©ä½ çš„å‘³è•¾æ›´å…·äº«å—', '0', '5');
INSERT INTO `goods` VALUES ('11', 'å……ç”µå®', '/picture/11-1.jpg', '/picture/11-1.jpg', '/picture/11-1.jpg', '38', 'æ›´è–„ï¼Œç»­èˆªæ›´æŒä¹….', '1', '2');
INSERT INTO `goods` VALUES ('12', 'æ‰‹æœºæ•°æ®çº¿', '/picture/12-1.jpg', '/picture/12-1.jpg', '/picture/12-1.jpg', '5', 'å¼ºå…¼å®¹è®¾è®¡ï¼Œä¸€æ¡çº¿è§£å†³å¤§éƒ¨åˆ†å®‰å“æ™ºèƒ½æ‰‹æœºå……ç”µé—®é¢˜.', '0', '2');
INSERT INTO `goods` VALUES ('13', 'è¿·ä½ éŸ³å“', '/picture/13-1.jpg', '/picture/13-1.jpg', '/picture/13-1.jpg', '36', 'ç¾å¦™ç¯ç»•ç«‹ä½“å£°ï¼Œå°½äº«å¨±ä¹å½±éŸ³ï¼Œæ¸¸æˆï¼Œæµè¡ŒéŸ³ä¹.', '1', '2');
INSERT INTO `goods` VALUES ('14', 'å¹é£æœº', '/picture/14-1.jpg', '/picture/14-1.jpg', '/picture/14-1.jpg', '29', 'å¿«é€Ÿå‡æ¸©ï¼Œæ’æ¸©ä¸ä¼¤å‘.', '1', '2');
INSERT INTO `items` VALUES ('1', '11', '1', '1', '4');
INSERT INTO `items` VALUES ('2', '30', '1', '2', '3');
INSERT INTO `items` VALUES ('3', '40', '1', '3', '6');
INSERT INTO `items` VALUES ('4', '5', '1', '4', '12');
INSERT INTO `items` VALUES ('5', '80', '1', '5', '5');
INSERT INTO `tops` VALUES ('14', '2', '12');
INSERT INTO `tops` VALUES ('15', '2', '11');
INSERT INTO `tops` VALUES ('22', '3', '5');
INSERT INTO `tops` VALUES ('24', '3', '4');
INSERT INTO `tops` VALUES ('25', '2', '6');
INSERT INTO `tops` VALUES ('29', '3', '13');
INSERT INTO `tops` VALUES ('30', '3', '12');
INSERT INTO `tops` VALUES ('33', '3', '2');
INSERT INTO `tops` VALUES ('34', '3', '1');
INSERT INTO `tops` VALUES ('37', '1', '14');
INSERT INTO `tops` VALUES ('38', '2', '14');
INSERT INTO `tops` VALUES ('40', '2', '13');
INSERT INTO `tops` VALUES ('41', '2', '5');
INSERT INTO `tops` VALUES ('42', '2', '4');
INSERT INTO `tops` VALUES ('43', '2', '3');
INSERT INTO `tops` VALUES ('44', '2', '2');
INSERT INTO `tops` VALUES ('45', '2', '1');
INSERT INTO `types` VALUES ('2', 'æ•°ç ç³»åˆ—');
INSERT INTO `types` VALUES ('4', 'è¯¾æœ¬ç³»åˆ—');
INSERT INTO `types` VALUES ('5', 'ç”Ÿæ´»ç³»åˆ—');
INSERT INTO `users` VALUES ('3', 'user', 'uIJeA9BWckozB8wRo8Y81Q==', 'k', '138', 'zxcvbn');
INSERT INTO `users` VALUES ('4', 'user2', 'uIJeA9BWckozB8wRo8Y81Q==', 'sfrasg', 'rggreg', 'gfarrg');
